species,weight_kg,age,location
unkown,1887.05,17,Jungle
dog,3219.63,23,Riverbank
dgo,3676.78,,Forest
unkown,1683.45,6,City
unknown,4592.86,8,Village
cta,545.76,9,Mountain
dog,4182.61,44,Forest
elephant,2665.34,50,Mountain
,292.22,12,Desert
cta,1803.98,34,Jungle
cta,2602.57,19,Desert
elephant,3693.14,22,Mountain
unknown,3591.28,15,City
unknown,2867.19,1,Village
cta,684.07,31,City
elephant,4462.03,39,Village
elephant,751.84,13,City
unkown,1924.29,,Desert
dog,23.48,44,Desert
cta,1138.32,29,Desert
unkown,3979.99,,Village
elefant,3583.65,5,Mountain
dgo,2913.16,45,Desert
unkown,3067.85,43,Desert
dog,2899.54,24,City
unknown,4298.33,26,Savannah
dgo,3261.37,43,Desert
cat,2934.85,,Desert
unknown,3324.03,40,Savannah
cta,1442.98,14,Desert
unkown,1597.08,5,Village
cta,1063.4,29,Mountain
elefant,2059.87,14,Forest
dog,3040.54,3,Desert
cta,2847.77,17,Mountain
dog,335.59,35,Village
dgo,2118.57,33,Riverbank
dog,637.65,49,Village
cat,3788.49,,Savannah
dgo,2751.49,,Forest
unkown,2475.64,,Village
cat,3247.77,31,Village
unknown,4465.95,8,Savannah
cat,3625.36,5,City
unknown,4299.15,31,Jungle
elefant,3805.32,21,Jungle
unkown,4606.09,20,Riverbank
elefant,316.01,23,Savannah
dog,671,6,Jungle
dgo,708.46,28,Mountain
dgo,1079.34,,Desert
elefant,1885.6,,Savannah
,1878.3,40,Jungle
cat,135.18,8,City
elefant,4492.28,20,Desert
cat,624.97,5,Savannah
,4281.08,32,Mountain
unkown,1460.79,29,Desert
dgo,1325.22,28,Savannah
cta,2338.36,30,City
dgo,3583.9,37,City
dgo,3979.89,30,Village
unkown,1218.57,31,Forest
unkown,4609.49,13,Village
unkown,109.46,39,Riverbank
unkown,2970.12,11,Village
unknown,3186.26,16,Village
cta,1991.63,26,Riverbank
unknown,467.82,32,Jungle
elefant,684.62,2,Desert
cta,1603.56,12,Riverbank
elefant,2591.42,36,Desert
,3742.11,20,Village
cta,2119.18,26,Forest
elephant,4740.35,22,Jungle
unknown,1160.52,4,Desert
cta,2656.55,38,Desert
unkown,3570.86,33,City
,954.3,13,Forest
unknown,4058.54,8,Savannah
dgo,4676.6,38,Village
dgo,1093.12,,Mountain
cta,4519.7,50,Mountain
dgo,1477.33,30,Desert
unknown,1364.11,7,Village
unknown,488.65,13,Forest
dog,71.95,16,Desert
dgo,2383.64,21,City
elephant,2355.5,1,Savannah
dgo,1390.31,11,City
cat,141.75,42,Village
unkown,3257.37,44,Jungle
elephant,697.53,29,Savannah
unkown,3614.03,28,Riverbank
cat,2430.02,21,City
cta,1154.63,50,Savannah
unkown,356.14,29,Mountain
dog,4473.89,25,Savannah
cat,1640.75,15,Jungle
cat,2844.46,5,Mountain
dgo,4101.13,,Desert
unknown,1341.12,2,Savannah
dog,3134.32,37,Riverbank
cta,3565.51,8,Jungle
unknown,224,13,Jungle
elefant,1290.15,36,Village
cat,4660.35,42,Savannah
elephant,4021.91,4,Mountain
dgo,1792.92,5,Riverbank
cta,1874.67,42,City
elefant,3032.96,36,Jungle
dgo,3714.93,17,Forest
dog,4727.57,5,Riverbank
dgo,4361.94,18,Riverbank
dog,1738.93,22,Forest
dgo,1345.71,,City
cat,2360.15,50,Riverbank
unknown,1349.42,15,Forest
,1401.68,29,Village
unkown,1979.16,5,Mountain
cat,2323.07,,Desert
cta,788.13,42,Desert
dog,2146.09,29,Jungle
unknown,1630.26,3,Forest
elefant,3582.82,29,City
elephant,1943.91,43,Jungle
cat,4338.6,1,Mountain
elefant,2844.99,44,Village
elephant,2803.54,50,Village
dog,3629.71,13,Mountain
,3954.44,47,Jungle
elefant,4965.75,23,Riverbank
unknown,4403.98,19,Desert
cta,408.44,,Savannah
dgo,2690.17,31,Forest
elefant,3528.31,18,Mountain
unkown,1379.6,34,City
dog,3641.41,5,City
dgo,264.62,33,Mountain
dog,1562.59,1,Mountain
elephant,816.93,33,Riverbank
dog,4996.26,,City
cat,2318.8,41,City
,4465.6,11,Mountain
cta,2710.19,21,Riverbank
elephant,1662.8,49,Mountain
cta,4084.21,40,Village
cat,1957.65,3,Desert
elephant,2066.56,19,Jungle
elefant,2017.1,21,Desert
unknown,2965.04,36,Riverbank
elefant,3823.15,35,Forest
elephant,4426.05,25,Desert
unknown,3365.98,14,Jungle
cat,3038.04,32,Riverbank
dgo,4676.33,50,Forest
unknown,45.17,24,Savannah
cta,2289.37,43,Desert
dog,2650.19,47,City
unknown,2794.34,16,Jungle
dog,1081.02,2,Riverbank
unknown,1716.93,34,Mountain
unknown,3682.83,,Village
elefant,2828.89,43,Village
cat,551.39,35,City
cat,780.18,13,City
cta,3466.31,17,Desert
cta,259.46,40,Desert
dog,1639.94,6,Forest
cat,4583.72,40,Desert
cat,4639.45,10,Desert
dgo,4358.49,33,City
elephant,1331.99,24,Desert
cat,4855.06,39,Village
dog,4604.22,31,Forest
unkown,2831.97,24,Desert
cat,3949.37,6,Jungle
unknown,2291.79,34,Village
dgo,2308.38,11,Desert
cta,671.87,36,Desert
unkown,4743.68,29,Forest
elefant,1071.57,,Village
cta,543.62,48,City
elefant,1415.5,39,Desert
elephant,1618.7,36,Village
cat,2423.49,46,City
unknown,346.57,6,Village
cat,1621.32,,Mountain
dog,1174.76,42,Forest
dgo,4131.1,,Village
cat,2697.4,33,Riverbank
cta,2575.15,11,Savannah
unknown,1106.26,,Mountain
unkown,809.44,2,Jungle
unkown,803.58,2,Desert
dog,2521.33,11,Village
unknown,2582.64,47,Mountain
unkown,4788.51,43,Desert
dgo,4029.41,47,Savannah
dog,3517.42,37,Village
cta,2557.78,,Riverbank
cta,3244.73,15,Forest
elefant,3814.76,6,Forest
unkown,4562.03,36,City
cta,678.79,,Jungle
dog,4298.26,10,Savannah
elephant,431.96,12,Forest
dog,590.44,,Savannah
elefant,836.39,7,Jungle
unkown,3232.07,30,Forest
cat,2538.95,45,Jungle
cta,2852.91,44,Savannah
unknown,700.26,48,Mountain
unkown,2261.46,50,Forest
elephant,3774.93,17,City
unknown,4537.57,39,Desert
unkown,2286.5,31,Forest
cat,1705.29,,Forest
elephant,2946.48,,Desert
elephant,786.54,43,Mountain
elefant,1542.52,16,Savannah
elefant,2904.45,50,Jungle
unkown,3612.25,5,Forest
dog,3430.67,10,Savannah
dgo,4493.93,48,Riverbank
,526.76,18,Desert
cat,1390.42,45,Forest
dgo,3711.12,9,Riverbank
unkown,4424.27,42,Mountain
elephant,2423.48,35,Riverbank
dgo,2203.64,5,Riverbank
elephant,2541.62,29,Savannah
elephant,3738.15,,Riverbank
unkown,4902.91,41,Riverbank
dog,4753.15,,Mountain
cat,4889.23,14,Jungle
dgo,645.36,26,Village
unknown,1612.11,4,Savannah
,2449.55,26,City
dgo,2672.43,,Forest
cta,1850.12,22,Village
elefant,3345.76,25,City
dgo,3882.82,,Jungle
unkown,3715.31,35,Desert
cta,1148.21,48,City
,827.17,37,Desert
cta,3484.79,9,Savannah
cat,516.35,38,Village
dog,2667.29,17,Mountain
cat,359.46,14,Mountain
unkown,2392.16,3,Jungle
dog,4685.76,9,Village
elefant,2027.73,43,Forest
,4823.37,,Savannah
dgo,4797.3,,Mountain
,2984.06,36,Village
cta,1804.14,43,Forest
elefant,1079.32,48,Village
dgo,2938.65,4,Savannah
dog,1269.78,1,Desert
dog,2500.96,23,Mountain
,544.14,14,Mountain
elephant,2349.26,19,Savannah
elephant,3544.79,22,Mountain
unkown,1806.87,47,Forest
dog,440.52,43,Forest
unknown,3654.05,11,Desert
unkown,2182.51,,Jungle
elefant,1897.23,20,Forest
cta,862,24,Forest
elephant,3823.55,43,Forest
dgo,1451.62,2,Jungle
elephant,2510.63,6,Jungle
unkown,1711.76,24,Savannah
unknown,179.08,13,Mountain
dog,2193.12,36,Desert
elefant,673.24,4,Riverbank
unkown,1848.92,34,Riverbank
elephant,4810.87,,Jungle
unknown,1386.77,6,Village
cta,1571.27,14,Village
elefant,3916.09,30,Jungle
elephant,2634.09,45,Riverbank
cta,568.68,36,City
cat,4610.35,1,Mountain
unkown,3699.63,11,Forest
unkown,775.81,,Mountain
elephant,1498.61,49,Desert
unknown,4387.41,23,Savannah
elefant,4419.13,45,Savannah
cat,5.42,20,Village
dgo,2596.31,16,Desert
cta,4998.2,35,City
unknown,3219.02,18,Savannah
unknown,2072.31,32,Forest
,3008.69,,City
dog,229.88,,Village
dgo,1317.88,32,City
dog,2647.8,16,City
cta,2528.13,17,Riverbank
elephant,3492.75,31,Village
unknown,4061.56,4,Jungle
unkown,2354.95,,Jungle
dgo,1259.77,41,Desert
cta,717.53,,Riverbank
elephant,726.41,35,Mountain
cat,2792.49,27,Desert
elefant,4344.47,43,Riverbank
elephant,465.68,16,Savannah
cat,1817.56,11,Forest
unknown,4758.04,,Desert
elefant,69.71,34,Forest
elefant,151.51,26,Jungle
elefant,2876.65,46,Riverbank
dgo,2162.92,,Savannah
unknown,3319.31,37,Forest
elephant,2313.86,8,Savannah
cat,4903.49,39,Savannah
dgo,2447.9,13,Village
elefant,4295.25,19,City
unknown,3332.72,4,Mountain
elefant,4740.71,3,Mountain
elephant,4844.94,2,Mountain
elephant,3220.04,9,Riverbank
dog,1832.27,,Riverbank
dgo,2476.49,35,Jungle
elefant,4197.36,9,Savannah
elephant,736.69,26,Riverbank
cat,2285.2,13,Savannah
dog,2818.21,15,Desert
dgo,1650.72,12,Jungle
elefant,492.42,26,City
unknown,3410.12,30,City
elefant,786.86,7,Forest
dgo,2192.14,24,Mountain
cta,3613.32,6,Village
elefant,3483.98,20,Desert
unknown,3889.77,7,City
unknown,80.82,4,Mountain
dog,4954.97,,Riverbank
elefant,2582.93,35,Savannah
elephant,4824.23,10,Desert
elephant,4157.73,49,Forest
,3279.14,43,Forest
unknown,1840,19,Village
cat,1900.63,,Mountain
elephant,262.14,40,Village
dog,3903.67,39,Desert
cat,1742.47,11,Mountain
cat,1311.66,14,Village
unkown,2969.35,46,Forest
unknown,4032.66,5,Village
dog,1958.47,29,Mountain
cta,2617.56,9,Forest
,4662.43,10,Riverbank
elephant,1479.97,,Desert
elephant,1986.33,20,City
unknown,4229.63,,Jungle
unknown,841.85,36,Desert
cat,4517.82,50,Mountain
cta,2803.83,30,Savannah
dog,3665.81,3,Village
unknown,4960.61,35,Desert
cta,4140.15,,Savannah
elephant,4572.81,28,City
cat,785.7,15,Jungle
dgo,469.19,36,Desert
elephant,2143.65,48,Jungle
dog,4766.68,39,Savannah
elephant,3308.71,12,Riverbank
unknown,2432.32,10,Savannah
cta,2889.09,24,Savannah
elephant,3537.46,23,Riverbank
cta,2498.02,44,Forest
cat,4979.28,43,Savannah
elefant,3647.33,1,Riverbank
unkown,2866.94,23,Savannah
elephant,4723.5,38,Forest
unkown,2438.65,48,Riverbank
dgo,4421,,City
unknown,3760.17,1,Mountain
cat,609.7,26,Desert
elephant,1404.61,44,Forest
elefant,1068.06,19,Forest
elephant,626.02,13,Forest
elephant,1944.48,15,Jungle
cta,321.86,25,Village
cat,2801.13,49,Riverbank
dgo,3248.84,28,Desert
cat,1019.62,32,Riverbank
unkown,451.28,,City
elefant,3118.63,19,Forest
elefant,3624.87,49,City
elefant,791.02,21,Village
dgo,4951.88,22,Village
elefant,1385.68,4,Jungle
elephant,819.33,26,Mountain
cat,4774.83,43,Mountain
unkown,895.48,39,Village
elefant,3253.43,11,Mountain
elefant,999.27,43,Desert
,3471.34,4,Mountain
cat,2426.03,4,Forest
dgo,4016.63,8,Forest
dgo,2142.53,37,Mountain
cta,437.47,23,Village
cta,1049.53,3,City
unknown,3736.55,28,City
cta,1802.57,34,City
elefant,197.56,38,City
elefant,3586.59,,Desert
cat,1318.58,4,Jungle
cat,284,25,City
,4520.66,30,City
dog,2864.47,10,City
cta,666.23,,Savannah
,2334.25,9,Mountain
cat,3443.8,,Village
elefant,1829.57,26,Jungle
cta,1958.52,8,Savannah
elephant,2280.84,36,Desert
dgo,2266.43,47,Jungle
elefant,4835.42,36,Riverbank
dgo,192.69,44,Jungle
cat,1663.8,17,Savannah
elefant,3074.94,6,Jungle
,3701.3,22,Village
elefant,2881.09,29,Desert
dgo,530.56,46,Savannah
cat,1875.42,26,Jungle
,2747.19,31,Mountain
elephant,2453.11,18,Riverbank
elephant,1510.87,,City
unkown,4217.27,20,Jungle
unknown,2754.66,42,Forest
dgo,4697.45,21,City
,554.76,11,Jungle
cat,4010.24,13,Forest
dgo,4552.03,49,City
unkown,1456.15,34,Desert
,2140.41,11,Village
elephant,1479.9,29,Desert
dog,2567.01,46,Village
dgo,2988.58,43,Desert
dgo,3587.94,18,Forest
dgo,736.05,36,Forest
unknown,4770.77,18,Mountain
dog,3034.01,,Mountain
elefant,4359.27,27,Mountain
unknown,4099.34,18,Village
cta,2158.14,24,Mountain
dgo,1587.04,28,Village
dog,2354.19,42,Savannah
unkown,4035.43,15,Jungle
,4496.15,48,Forest
cat,890.3,21,Desert
dgo,2666.49,25,Jungle
elefant,2049.74,5,Jungle
dgo,1919.61,38,City
cta,1384.22,28,Village
elephant,3290.65,10,Savannah
cat,3441.08,8,Forest
unknown,1725.44,47,Village
unkown,774.93,46,City
cta,1699.39,1,Forest
unkown,4686.47,11,Jungle
elephant,814.04,44,Desert
unkown,3892.25,,Forest
cat,1358.13,,Savannah
cat,4719.79,34,Mountain
cta,507.13,,Forest
dog,1278.34,22,Desert
elefant,1700.89,37,City
cat,4909.28,,Forest
elefant,4630.87,,Jungle
dog,2344.95,40,Savannah
dog,2193.41,31,Village
,3466.71,33,Mountain
dog,2638.36,29,Mountain
elefant,2425.08,14,Mountain
cta,4017.18,12,Desert
unkown,3411.09,6,City
cat,3064.33,15,Jungle
dgo,1154.84,33,Mountain
dgo,2932.02,2,Riverbank
dgo,803.66,9,Mountain
elephant,1242.9,33,Desert
elefant,4118.87,34,Jungle
cat,2514.15,2,Forest
,4182.65,10,Forest
dgo,2257.41,7,Village
cat,3598.2,47,Mountain
unkown,2635.39,47,Savannah
elephant,2195.14,9,Desert
elephant,339.14,21,Village
unkown,2774.35,,Riverbank
dog,1948.6,20,Jungle
cat,4302.99,35,City
dgo,289.5,39,Desert
dog,1216.44,9,Desert
cat,3531.34,26,Village
cta,1543.26,13,Desert
unknown,388.72,23,Riverbank
unknown,868.14,15,Forest
cta,129.31,9,Village
cta,1312.59,2,Riverbank
cat,2200.99,8,Savannah
unknown,4134.44,15,Savannah
unknown,2105.8,21,Village
cta,349.51,6,Desert
dgo,4932.64,,Village
unkown,576.65,50,Jungle
elephant,208.41,,Forest
dog,3761.21,12,Jungle
elefant,1978.82,9,Village
dog,3467.55,35,Riverbank
cat,861.12,36,Mountain
,3153.18,49,Mountain
elephant,1024.84,50,Riverbank
dgo,234.04,24,Riverbank
elephant,3473.99,1,Mountain
cat,1652.97,41,Forest
cta,3799.62,29,City
dgo,1519.77,,Desert
cta,1183.36,12,Desert
elephant,503.05,,Forest
dgo,2637.16,36,Riverbank
unknown,3170.08,15,Forest
elephant,4407.03,24,Village
unkown,2387.54,38,Savannah
unknown,1643.57,49,Mountain
dog,2807.73,20,Mountain
unkown,4253.11,13,Riverbank
unkown,3979.07,19,City
unkown,2463.8,1,City
elefant,3127.24,31,City
cta,3022.18,15,Jungle
unkown,1988.27,16,Savannah
unkown,1310.91,35,Desert
unknown,4329.73,40,Mountain
unkown,4469.4,8,Riverbank
dgo,147.43,,Jungle
unkown,4524.85,7,Riverbank
cat,746.56,,Forest
elephant,4719.73,36,Village
cta,3588.76,30,Riverbank
cta,3783.47,18,Savannah
unkown,2647.06,28,City
elefant,1244.44,47,Savannah
cta,2635.89,,Desert
dgo,4438.25,40,Village
unknown,2257.67,13,Jungle
dog,2705.03,37,City
unknown,4635.02,25,Jungle
dog,645.53,47,Mountain
unknown,4510.62,24,Village
cat,1307.81,37,Riverbank
elefant,4842.83,44,City
elephant,981.35,7,Mountain
cta,4970.45,,Riverbank
dgo,1460.65,23,Desert
unkown,1098.92,14,Riverbank
unknown,3620.24,1,Village
unkown,529.65,22,Forest
elephant,4378.34,37,Riverbank
unkown,3108.02,,Forest
dog,1004.66,14,Mountain
dog,2910.31,24,Mountain
cta,3715.01,,Savannah
elefant,4847.48,20,City
dgo,2070.97,34,Riverbank
elephant,2117.39,17,Desert
,4555.43,27,Jungle
dog,4067.67,39,Desert
cta,4668.2,44,Desert
unknown,4493.48,27,City
cat,2895.82,50,Desert
elefant,4676.61,41,Village
dog,1049.45,48,Jungle
,3724.23,12,Riverbank
cat,4860.35,42,Desert
cta,870.33,25,Savannah
elefant,516.34,11,Jungle
cat,2172.99,,City
,213.99,19,Mountain
cta,266.04,14,Mountain
cta,3350.36,13,Village
unkown,785.67,10,Village
elefant,4548.64,19,Savannah
cta,717.16,47,Jungle
unknown,126.2,40,Riverbank
unkown,2140.64,35,City
cta,1311.8,12,Mountain
dgo,3357.93,21,City
cta,4796.46,13,Riverbank
unknown,1799.3,20,Mountain
elefant,76.21,11,Village
cat,1364.25,4,Forest
,556.52,28,Forest
unknown,2433.87,50,Savannah
elefant,2307.54,18,Mountain
cta,4962.09,33,Riverbank
unkown,4036.01,4,City
elefant,326.46,45,Mountain
cat,271.97,35,Desert
,995.98,,Mountain
elephant,725.45,30,Riverbank
elefant,4188.49,23,Savannah
dgo,2028.33,50,Forest
cta,2707.31,34,City
,4767.54,6,Savannah
cat,4088.19,5,Savannah
dgo,3069.03,12,Village
cta,1098.36,48,Savannah
elefant,3665.39,47,Desert
elephant,4422.46,25,Desert
cta,786.83,5,City
cat,4750.44,8,Mountain
cat,3783.76,10,Desert
cat,1422.81,21,Mountain
dgo,4786.15,35,City
elefant,3556.79,50,Mountain
unkown,4584.85,39,Village
cta,1826.36,37,Desert
cta,3683.87,42,Forest
dgo,4212.07,,Savannah
dog,3772.49,21,City
unknown,3697.96,4,Village
dog,3172.6,34,City
dgo,1168.79,3,Riverbank
cta,3404.8,30,Riverbank
elephant,1394.47,4,City
,2342.12,17,Riverbank
cta,49.91,20,City
dog,1500.75,6,Mountain
dgo,3291.6,26,Jungle
cat,2968.19,48,Village
dog,4117.71,37,Forest
dog,2804.37,1,Riverbank
dog,2025.06,3,Village
elefant,3831.24,38,City
cat,1578.4,47,Riverbank
unknown,34.66,48,Forest
dgo,4289.49,17,City
elefant,1497.37,25,City
unkown,4519.5,29,Jungle
unknown,3042.88,40,Jungle
dog,2584.35,,Riverbank
dog,4274.11,16,City
dgo,4186.43,16,Desert
cta,2083.62,5,Desert
unkown,2008.62,13,Desert
dgo,2974.37,12,Riverbank
unkown,831.17,48,City
unknown,418.99,14,Village
unknown,3149.87,29,Desert
unknown,2545.31,,City
,4208.92,,Riverbank
unkown,4640.46,38,City
elefant,1165.66,4,Forest
cat,2528.03,19,Savannah
elefant,31.3,,City
unknown,2247.31,39,Forest
unkown,684.34,1,Desert
elephant,1434,37,City
cta,601.18,39,City
unkown,3997.78,17,Forest
dog,707.35,12,Forest
elefant,1227.65,2,Desert
dog,1608.39,27,Savannah
,3202.59,6,Riverbank
cta,1537.3,5,City
cat,212.24,39,City
cat,4404.17,38,Desert
cta,4640.37,25,Riverbank
dgo,1044.36,10,City
dog,4113.15,27,Jungle
cta,1894.6,35,Riverbank
dgo,524.56,8,Riverbank
,1345.06,40,Savannah
cat,3428.99,20,Savannah
elefant,2702.06,25,Village
elephant,2436.09,15,Desert
dog,634.03,,Mountain
cta,3063.77,13,City
dog,3557.69,41,Mountain
dog,894.08,35,Village
dgo,3801.99,32,Riverbank
elephant,2906.73,37,Jungle
unknown,700.56,,Forest
cat,4867.37,40,Village
cta,1717.04,3,City
,3226.76,41,Savannah
elephant,4520.44,31,Forest
unknown,3688.15,,Riverbank
elefant,4974.7,6,Savannah
unkown,1538.74,11,Desert
unkown,2191.84,1,Savannah
elefant,1208.34,,Desert
elefant,2415.13,28,Forest
unknown,524.8,37,Mountain
dog,3455.34,44,Desert
cta,4124.58,40,Riverbank
,3263.18,20,Jungle
unknown,3532.09,,Jungle
dog,3533.35,48,Jungle
elefant,1083.16,49,Forest
elefant,592.34,38,Village
dgo,3017.44,47,Riverbank
cta,581.75,24,Forest
elefant,3850.21,4,Jungle
cta,2813.87,19,Forest
dog,3631.8,47,Village
cta,823.19,10,Savannah
cat,1965.33,31,City
elefant,2192.62,42,Jungle
dgo,1203.48,14,Desert
cta,668.59,17,Riverbank
,113.54,,Riverbank
elefant,1909.07,24,Riverbank
elefant,678,19,Jungle
unkown,3634.73,22,Forest
unkown,4973.39,25,Jungle
dgo,1684.61,1,Jungle
elefant,3820.81,26,Riverbank
unkown,2722.47,14,Jungle
dog,3071.27,38,City
dog,3993.12,43,City
dgo,2725.14,19,Savannah
cat,1657.86,38,Village
dog,4339.12,9,City
cta,3722.28,48,Savannah
cat,1421.18,35,Forest
cta,2065.43,16,City
elephant,1901.14,11,Jungle
elefant,2551.13,29,Desert
elefant,304.97,25,Forest
elefant,3369.07,2,City
dog,502.27,13,Forest
unkown,3836.4,4,Village
unkown,2151,37,Jungle
dgo,2399.8,17,City
unknown,1457.89,38,Riverbank
cta,2450.78,14,City
unknown,1728.38,33,Desert
unknown,2392.46,16,Jungle
elephant,950.76,12,Mountain
unkown,2469.25,25,Riverbank
dgo,89.14,49,Jungle
elefant,4376.66,30,Forest
dgo,1700.04,2,Village
elefant,1631.05,26,City
unkown,1785.95,5,Village
elefant,4250.9,2,Jungle
cat,3919.43,22,Village
cat,4590.45,28,City
cat,1612.05,33,Village
elefant,4880.14,17,Desert
elefant,3150.04,16,Village
dog,309.33,8,City
unknown,3004.98,46,Savannah
elephant,3566.05,32,Riverbank
cta,3324.91,20,Savannah
elefant,65.71,9,Riverbank
unknown,968.69,32,Savannah
elephant,3092.73,,City
unknown,3903.28,49,Savannah
elephant,2547.5,48,Savannah
unknown,605.05,10,Jungle
elephant,3425.47,23,Forest
unknown,46.92,44,Village
cta,3145.23,39,Village
unknown,1850.58,34,Jungle
elephant,3677.19,25,Desert
dgo,3529.03,45,Jungle
dog,1669.87,30,Desert
cat,2259.11,2,Village
dog,1507.26,8,Desert
dgo,989.84,,Riverbank
dog,4849.57,24,Village
elefant,1112.82,33,Riverbank
elephant,3293.73,32,Jungle
elephant,4461.2,44,Desert
unknown,2022.34,48,Desert
elephant,3675.94,9,Desert
unknown,545.79,6,Mountain
cta,4831.76,48,Desert
cat,3375.2,23,Village
cta,3559.92,38,Village
dgo,758.17,,Jungle
unkown,3126.05,45,Mountain
elefant,1740.68,26,Mountain
unknown,1749.83,41,Savannah
elefant,1142.12,39,Mountain
cat,3435.72,38,Village
,896.03,49,Jungle
,4323.94,21,Riverbank
unkown,48.91,7,Village
cta,564.94,5,Mountain
cta,3481.72,43,Forest
unkown,1791.78,31,Jungle
elefant,1360.78,43,Village
dgo,1475.15,7,Savannah
cat,529.66,48,Village
unknown,3925.31,,City
unkown,1316.26,25,Jungle
dog,2720.41,22,Mountain
dog,2219.71,,Savannah
dgo,2842.37,44,Forest
unknown,2592.83,31,Forest
dog,2253.46,,Desert
elephant,2476.88,,Mountain
cta,1909.84,17,Forest
elephant,4884.96,13,Mountain
unknown,2824.24,23,Desert
dgo,447.02,,Village
cat,309.08,32,Village
,671.81,48,Riverbank
unkown,4108.94,34,City
dog,1069.92,,Savannah
elefant,3246.5,30,Desert
cta,3175.96,,City
unkown,1600.58,43,Mountain
dog,3728.23,40,Village
unkown,409.04,31,Desert
elefant,3245.74,4,Jungle
dgo,2109.33,18,Village
dgo,1125.64,15,Jungle
elephant,1746.22,1,Jungle
unkown,3091.75,3,Desert
dog,2780.85,,Village
elephant,666.4,,City
elephant,507.49,40,Village
dog,3502.15,,Savannah
unknown,37.95,48,Village
cat,3966.21,31,Desert
,1507.35,37,Desert
cta,2988.95,38,Jungle
elephant,171.72,42,Mountain
unkown,3315.95,39,Village
elephant,2584.94,17,City
cta,3818.64,37,Forest
unkown,1147.92,13,Mountain
elefant,3605.07,6,Savannah
elefant,856.65,37,Jungle
cta,629.18,13,Village
unknown,2492.51,12,Forest
cat,4384.21,31,Mountain
cta,3501.59,40,Village
elephant,134.26,35,Desert
unkown,1373.69,14,Village
elephant,4123,,Forest
cat,1461.75,35,Mountain
cta,398.06,45,City
dog,290.71,45,Desert
unknown,3655.88,41,Mountain
unknown,2021.09,1,Forest
cat,4034.86,6,Desert
unknown,1091.98,16,Riverbank
cat,2100.38,11,Mountain
unkown,799.17,,Mountain
unkown,4541.49,43,Mountain
cat,193.21,8,Forest
dog,1521.51,22,Riverbank
dog,2730.14,14,Mountain
unknown,3000.69,29,Forest
dog,1344.21,36,Savannah
unknown,114.04,,Mountain
unknown,4706.01,22,Mountain
elephant,3099.95,44,Jungle
unkown,3805.93,1,Forest
unknown,1447.07,,Riverbank
cta,2998.72,,Savannah
unkown,2840.67,1,Riverbank
unkown,451.58,25,City
cta,1156.89,34,Desert
dog,4769.4,19,Riverbank
dog,2338.74,16,Jungle
elephant,4630.16,39,Riverbank
dgo,4014.99,30,Riverbank
cta,3884.28,43,Forest
cat,740.29,5,Village
dog,4580.12,,Savannah
dog,3221.63,8,City
,2632.27,,Desert
unknown,1267.17,36,Desert
dog,4762.21,19,Riverbank
unkown,1157.86,35,Savannah
unkown,2700.77,22,Mountain
cat,1331.62,42,Savannah
elefant,1441.36,34,Mountain
dog,414.08,31,Savannah
dgo,676.41,46,Jungle
elephant,4727.52,24,Jungle
cta,599.86,40,Mountain
elefant,1594.19,,Desert
dgo,90.4,42,Savannah
unkown,4919.99,49,Mountain
unknown,2534.94,24,Desert
,3878.07,44,Mountain
dog,1554.94,,Forest
unknown,1402.82,23,Savannah
dgo,290.64,6,Desert
unknown,1405.19,,Forest
dgo,1755.7,38,Mountain
cat,3678.79,15,Savannah
unknown,1660.77,5,Riverbank
dog,1767.81,16,Jungle
,3251.3,37,Mountain
unknown,2719.72,26,Forest
elephant,4943.48,25,Village
unkown,1966.71,41,Riverbank
dog,4681.13,7,Savannah
elephant,4114.95,40,Jungle
elephant,29.95,37,City
cat,2589.72,24,Riverbank
elephant,187.95,48,Jungle
unknown,614.57,19,Savannah
elefant,2602.41,43,City
dgo,346.42,43,Mountain
unkown,242.46,45,Forest
cta,4570.54,,Jungle
dog,563.42,,Desert
cat,1794.86,18,Jungle
dgo,564.75,43,Village
elefant,2915.59,13,Jungle
dgo,3823.23,22,Desert
dog,3874.62,34,Forest
elephant,4398.41,42,Jungle
cat,3143.9,13,Riverbank
elephant,988.56,43,Village
dgo,1717.3,44,Mountain
cta,4882.52,26,Jungle
dog,4480.26,32,Village
unkown,3755.09,28,City
elefant,3097.89,42,Riverbank
dog,3552.15,17,Riverbank
elefant,3122.2,6,Savannah
cat,1055.25,41,City
elefant,1160.46,18,Mountain
dgo,3075.28,21,Jungle
cat,1677.45,24,Mountain
elefant,3105.24,27,Desert
cat,3635.9,10,Village
cat,3917.52,46,Desert
dgo,4593.02,30,Savannah
elephant,450.56,22,Mountain
dog,2644.35,36,Mountain
cat,3889.76,19,City
,4471.79,,Jungle
dog,3860.15,22,Savannah
dgo,1202.58,3,Village
elephant,234.55,10,Riverbank
unknown,4801.93,1,Desert
cta,898.05,5,Village
elefant,2470.19,8,City
elefant,2931.54,29,Jungle
elefant,4306.24,29,Village
cta,2125.64,47,Riverbank
cat,4668.42,37,Mountain
unkown,2674.77,17,Jungle
dgo,3514.83,29,Forest
cat,4188.59,44,Riverbank
elephant,1503.93,21,Forest
cat,1401.88,,City
unknown,1716.99,23,Village
cta,4983.29,38,Riverbank
elephant,353.54,31,City
cta,2671.93,49,Forest
cta,1145.79,11,City
cta,2613.32,15,Riverbank
unknown,1531.4,43,Forest
unkown,122.96,26,Mountain
unknown,47.34,18,Desert
elephant,2246.35,45,Riverbank
dgo,805.67,17,Desert
cat,1536.41,19,Desert
unknown,2305.9,28,Savannah
cat,3767.5,24,Jungle
unkown,4246.92,,Mountain
unknown,3292.05,7,Forest
cat,1618.64,,Mountain
elefant,3288.75,49,Savannah
cat,245.38,50,Mountain
elefant,1825.76,34,Mountain
cta,2388.83,48,Mountain
dog,118.37,33,City
cta,54,,City
elefant,4990,33,Jungle
dgo,229.09,17,Village
elefant,367.42,2,Village
dgo,644.26,2,Jungle
dog,2830.23,32,Village
unknown,219.47,32,Desert
elefant,3225.71,13,City
,4516.85,,Mountain
unkown,3040.77,27,Village
unknown,3876.24,23,Savannah
cta,4979.56,30,Village
elephant,1108.36,23,Riverbank
